Cities;Products;Store  number;Increase in units of sales
Ambato;AUTOMOTIVE;50;4.136412900310712
Ambato;BEVERAGES;23;143.93917104575522
Ambato;BEAUTY;50;3.4172467801166957
Ambato;BEAUTY;23;1.5012583731985674
Ambato;BEVERAGES;50;4017.502325505915
Ambato;BREAD/BAKERY;23;2.964574649827707
Ambato;CLEANING;23;86.66852312480079
Ambato;DAIRY;50;915.2722379009061
Ambato;CLEANING;50;422.27322239201965
Ambato;DELI;23;58.95436560440325
Ambato;DAIRY;23;33.35181758248885
Ambato;FROZEN FOODS;23;30.549419570228036
Ambato;EGGS;23;2.368915349736465
Ambato;EGGS;50;2.5326765035185916
Ambato;GROCERY I;23;609.0098012198199
Ambato;GROCERY II;50;10.752846477264187
Ambato;HOME AND KITCHEN I;23;2.346199919933988
Ambato;HOME AND KITCHEN II;50;68.21988493885826
Ambato;HOME AND KITCHEN II;23;7.571799699047112
Ambato;GROCERY I;50;6456.731023010225
Ambato;HOME CARE;50;406.01371074109164
Ambato;HOME CARE;23;11.931011764704282
Ambato;LINGERIE;23;2.7870427440487973
Ambato;LIQUOR,WINE,BEER;23;25.296010789502972
Ambato;LINGERIE;50;4.084545557310506
Ambato;MEATS;23;289.5415935350539
Ambato;LIQUOR,WINE,BEER;50;31.615794238835413
Ambato;PET SUPPLIES;23;1.614679605116568
Ambato;PERSONAL CARE;50;433.95507043005506
Ambato;PLAYERS AND ELECTRONICS;23;6.159412270771038
Ambato;MEATS;50;21.833051461613664
Ambato;POULTRY;23;25.492371929352302
Ambato;PET SUPPLIES;50;2.5574457845636296
Ambato;PRODUCE;23;246.2303882891597
Ambato;PREPARED FOODS;23;2.415289947487044
Ambato;SCHOOL AND OFFICE SUPPLIES;23;3.035605063879972
Ambato;PREPARED FOODS;50;102.1672797848683
Ambato;SEAFOOD;23;2.5245216125422543
Ambato;SEAFOOD;50;1.6649796879190661
Ambato;PRODUCE;50;2322.783698764624
Babahoyo;BEVERAGES;31;2082.6689275483964
Babahoyo;AUTOMOTIVE;31;1.5282528519651137
Babahoyo;BEAUTY;31;1.488481410006773
Babahoyo;BREAD/BAKERY;31;97.9876949573757
Babahoyo;DAIRY;31;412.38990769376375
Babahoyo;FROZEN FOODS;31;4.198025929540904
Babahoyo;DELI;31;257.8400134877834
Babahoyo;GROCERY I;31;4234.284966666224
Babahoyo;GROCERY II;31;3.197398299085958
Babahoyo;CELEBRATION;31;3.2878493811443863
Babahoyo;LAWN AND GARDEN;31;3.907062109913757
Babahoyo;LADIESWEAR;31;2.38593616841367
Babahoyo;HOME CARE;31;269.783162608085
Babahoyo;HOME AND KITCHEN I;31;11.982920925652712
Babahoyo;MAGAZINES;31;1.8428995379643482
Babahoyo;PERSONAL CARE;31;219.1272839847846
Babahoyo;PET SUPPLIES;31;1.9128569264600732
Babahoyo;PREPARED FOODS;31;-4.121328382156936
Babahoyo;SCHOOL AND OFFICE SUPPLIES;31;8.353958978809692
Babahoyo;POULTRY;31;47.23640099476365
Babahoyo;PRODUCE;31;1393.4258066902644
Cayambe;BEVERAGES;11;4251.638381826769
Babahoyo;SEAFOOD;31;1.5795787737340905
Cayambe;BEAUTY;11;2.587382061603254
Cayambe;CLEANING;11;160.32097366180196
Cayambe;AUTOMOTIVE;11;2.4648606012751024
Cayambe;DAIRY;11;45.083444750448805
Cayambe;FROZEN FOODS;11;31.43876269291099
Cayambe;DELI;11;2.4389696647479795
Cayambe;EGGS;11;15.034616294341463
Cayambe;GROCERY I;11;7040.998561133011
Cayambe;HOME AND KITCHEN I;11;27.543006617406775
Cayambe;CELEBRATION;11;13.41133050732267
Cayambe;LAWN AND GARDEN;11;4.598753784460384
Cayambe;HOME AND KITCHEN II;11;0.10760254637011307
Cayambe;HOME CARE;11;507.2646949771412
Cayambe;LIQUOR,WINE,BEER;11;19.72539090460221
Cayambe;MEATS;11;112.41156686711791
Cayambe;MAGAZINES;11;4.018628258356388
Cayambe;PET SUPPLIES;11;1.0593854084405296
Cayambe;PREPARED FOODS;11;26.35771754728968
Cayambe;PRODUCE;11;1408.5364933747753
Cayambe;POULTRY;11;525.8140910108625
Cayambe;SEAFOOD;11;1.3633646198210052
Cuenca;BEAUTY;37;1.6346786536834945
Cuenca;BEVERAGES;37;2529.5540897912447
Cuenca;BEVERAGES;39;2981.87228340295
Cuenca;BEAUTY;39;1.9407516390215385
Cuenca;BEVERAGES;42;2589.6894174380373
Cuenca;BREAD/BAKERY;37;22.873062823437866
Cuenca;BREAD/BAKERY;42;497.537639218923
Cuenca;BREAD/BAKERY;39;61.40263797655461
Cuenca;BEAUTY;42;1.9807511043821058
Cuenca;CLEANING;37;630.590820955769
Cuenca;CELEBRATION;37;5.899152803621255
Cuenca;CELEBRATION;39;5.158198574014736
Cuenca;DAIRY;37;-49.097254090609525
Cuenca;DAIRY;39;57.93774603060523
Cuenca;DAIRY;42;821.908859086876
Cuenca;CLEANING;42;722.9887631749764
Cuenca;DELI;39;159.84892190290591
Cuenca;EGGS;37;3.8718054037527385
Cuenca;DELI;42;16.54355527537161
Cuenca;FROZEN FOODS;42;37.384339064146594
Cuenca;FROZEN FOODS;39;76.14770850615928
Cuenca;GROCERY I;37;3715.866493141752
Cuenca;GROCERY I;39;4834.339498284257
Cuenca;EGGS;42;-2.951846586952706
Cuenca;GROCERY II;37;6.888809354090238
Cuenca;DELI;37;8.298138654728753
Cuenca;GROCERY I;42;3234.523749434059
Cuenca;HOME AND KITCHEN I;37;13.885619577244139
Cuenca;HOME AND KITCHEN I;39;23.87808074379409
Cuenca;GROCERY II;39;6.211115944750376
Cuenca;HOME AND KITCHEN I;42;12.381898546382832
Cuenca;HOME AND KITCHEN II;39;5.0173670764205935
Cuenca;HOME CARE;37;27.169312931221796
Cuenca;HOME CARE;42;18.194390624063114
Cuenca;HOME CARE;39;263.7991485031213
Cuenca;LAWN AND GARDEN;37;6.191634706532321
Cuenca;LAWN AND GARDEN;39;3.136029633684382
Cuenca;LINGERIE;37;2.062508239533723
Cuenca;LAWN AND GARDEN;42;25.623253639011164
Cuenca;LINGERIE;42;1.8869209781658849
Cuenca;LIQUOR,WINE,BEER;37;13.588190047233992
Cuenca;LIQUOR,WINE,BEER;42;54.307774890705765
Cuenca;LINGERIE;39;3.169866934828481
Cuenca;MEATS;37;17.0861310111912
Cuenca;MEATS;42;8.401143642267883
Cuenca;PET SUPPLIES;37;1.6420284927808322
Cuenca;PET SUPPLIES;42;1.4780275916753363
Cuenca;PLAYERS AND ELECTRONICS;37;3.1160140749879224
Cuenca;PERSONAL CARE;42;128.2658538486268
Cuenca;POULTRY;37;152.47184409276548
Cuenca;POULTRY;39;7.294633808480325
Cuenca;PREPARED FOODS;37;2.691556838800106
Cuenca;PLAYERS AND ELECTRONICS;42;13.057625122723907
Cuenca;PREPARED FOODS;39;1.9252612929358919
Cuenca;POULTRY;42;225.14500076734194
Cuenca;PRODUCE;37;1027.8479998748767
Cuenca;PRODUCE;42;833.3099823396884
Cuenca;SCHOOL AND OFFICE SUPPLIES;42;3.833613030852537
Cuenca;PREPARED FOODS;42;10.941675733061121
Cuenca;SCHOOL AND OFFICE SUPPLIES;39;2.6685927537288148
Cuenca;PRODUCE;39;1685.5001463652293
Cuenca;SEAFOOD;39;2.8338157145234044
Daule;AUTOMOTIVE;27;5.420541332338426
Daule;BEVERAGES;27;2913.130797361367
Cuenca;SEAFOOD;42;3.8255526221006475
Daule;BREAD/BAKERY;27;334.79391236341195
Daule;BEAUTY;27;1.030312362297843
Daule;CLEANING;27;638.0227802085259
Daule;DAIRY;27;891.4185702536771
Daule;DELI;27;173.97644453220076
Daule;CELEBRATION;27;0.6961437286831992
Daule;GROCERY I;27;3608.0069075729366
Daule;FROZEN FOODS;27;27.551033620862842
Daule;HOME AND KITCHEN I;27;9.677298392064937
Daule;HOME AND KITCHEN II;27;7.739294375197435
Daule;GROCERY II;27;0.3415300314554557
Daule;HOME CARE;27;146.00208001353207
Daule;LINGERIE;27;1.3430118372817412
Daule;LAWN AND GARDEN;27;8.298688757316043
Daule;LIQUOR,WINE,BEER;27;58.84917564055857
Daule;PERSONAL CARE;27;223.4514339509923
Daule;MEATS;27;-37.97193940556087
Daule;POULTRY;27;41.231102202764596
Daule;SCHOOL AND OFFICE SUPPLIES;27;10.460629204365572
El Carmen;AUTOMOTIVE;54;0.9990387544348905
El Carmen;BABY CARE;54;1.5346753726692663
Daule;SEAFOOD;27;19.629851208690678
El Carmen;BREAD/BAKERY;54;12.931022265165366
Daule;PRODUCE;27;2864.297023382875
El Carmen;BEAUTY;54;1.3939841476682737
El Carmen;BEVERAGES;54;1706.7017747506677
El Carmen;CELEBRATION;54;1.3651229805013028
El Carmen;DELI;54;77.3257544782513
El Carmen;FROZEN FOODS;54;12.363689398420425
El Carmen;HARDWARE;54;1.2843607581833125
El Carmen;HOME AND KITCHEN I;54;4.219614768057214
El Carmen;HOME APPLIANCES;54;1.0076054306164364
El Carmen;HOME AND KITCHEN II;54;0.7949940388498774
El Carmen;LIQUOR,WINE,BEER;54;24.94424838116755
El Carmen;GROCERY I;54;2945.924188502307
El Carmen;LINGERIE;54;1.0940848043834972
El Carmen;HOME CARE;54;212.54600330563557
El Carmen;PET SUPPLIES;54;1.185506958692584
El Carmen;PERSONAL CARE;54;136.56778870389866
El Carmen;MAGAZINES;54;0.7766796143849725
El Carmen;POULTRY;54;50.38346888400604
El Carmen;SCHOOL AND OFFICE SUPPLIES;54;5.966499481387799
El Carmen;SEAFOOD;54;0.9004335477055341
Esmeraldas;BEAUTY;43;2.3743077483958714
El Carmen;PRODUCE;54;611.5710893037705
Esmeraldas;BEVERAGES;43;397.9809869966881
Esmeraldas;CLEANING;43;275.23431526051553
Esmeraldas;CELEBRATION;43;2.996743223741104
Esmeraldas;DELI;43;234.36612688999486
Esmeraldas;FROZEN FOODS;43;41.70454173786813
Esmeraldas;EGGS;43;14.038787012628589
Esmeraldas;DAIRY;43;426.6837015018889
Esmeraldas;GROCERY II;43;2.8548423678819317
Esmeraldas;GROCERY I;43;1486.1045731992324
Esmeraldas;HOME AND KITCHEN I;43;5.284218724416659
Esmeraldas;BREAD/BAKERY;43;390.24691908383016
Esmeraldas;LAWN AND GARDEN;43;1.5657261388544534
Esmeraldas;MAGAZINES;43;4.046098771266308
Esmeraldas;MEATS;43;15.440335177404268
Esmeraldas;LIQUOR,WINE,BEER;43;96.5825663085749
Esmeraldas;PET SUPPLIES;43;1.665120002919324
Esmeraldas;HOME CARE;43;154.8494725363415
Esmeraldas;PERSONAL CARE;43;39.093241006097564
Esmeraldas;HOME AND KITCHEN II;43;3.538511479083919
Esmeraldas;SCHOOL AND OFFICE SUPPLIES;43;6.981232803365307
Esmeraldas;PLAYERS AND ELECTRONICS;43;1.9598145620946914
Esmeraldas;SEAFOOD;43;1.673894668435392
Guaranda;AUTOMOTIVE;19;4.035647561697236
Guaranda;BEVERAGES;19;2440.697238192832
Guaranda;BREAD/BAKERY;19;160.50907206954096
Guaranda;CELEBRATION;19;8.92308311238104
Guaranda;BEAUTY;19;1.567690488760403
Esmeraldas;PRODUCE;43;993.372437339915
Guaranda;FROZEN FOODS;19;24.555866726651264
Guaranda;CLEANING;19;114.62234132406844
Guaranda;DELI;19;-14.203076944024758
Guaranda;GROCERY II;19;-0.3779270491765574
Guaranda;HOME AND KITCHEN I;19;6.793447363653106
Guaranda;GROCERY I;19;250.9240818991185
Guaranda;EGGS;19;16.316455192984108
Guaranda;HOME AND KITCHEN II;19;2.6069813486718143
Guaranda;LIQUOR,WINE,BEER;19;34.069710888556514
Guaranda;HOME CARE;19;189.78369437142715
Guaranda;MAGAZINES;19;3.5007680217211252
Guaranda;PET SUPPLIES;19;1.1239864245547488
Guaranda;PERSONAL CARE;19;45.70570693758679
Guaranda;SCHOOL AND OFFICE SUPPLIES;19;6.207015812199596
Guaranda;PRODUCE;19;469.9897987732929
Guaranda;SEAFOOD;19;1.219045658218633
Guaranda;POULTRY;19;26.135702684655786
Guayaquil;AUTOMOTIVE;28;2.6766145295101924
Guayaquil;AUTOMOTIVE;32;2.150883173859032
Guayaquil;AUTOMOTIVE;29;2.3434986494293373
Guayaquil;AUTOMOTIVE;34;1.20753306403901
Guayaquil;AUTOMOTIVE;51;1.996302843470205
Guayaquil;BEAUTY;24;1.6327471820266688
Guayaquil;BEAUTY;30;1.3508281402577333
Guayaquil;BEAUTY;28;1.9129321264969166
Guayaquil;BEAUTY;32;1.1168757418652029
Guayaquil;BEAUTY;26;1.3800907611475788
Guayaquil;BEAUTY;34;1.6303957410913053
Guayaquil;BEAUTY;29;1.721445299672812
Guayaquil;BEVERAGES;24;358.87596696243475
Guayaquil;BEVERAGES;28;2939.50264896459
Guayaquil;BEVERAGES;29;2510.959316820774
Guayaquil;BEAUTY;51;2.096741752126741
Guayaquil;BEVERAGES;26;892.0327030491109
Guayaquil;BEVERAGES;51;866.9065354490162
Guayaquil;BEVERAGES;30;100.9002205940756
Guayaquil;BEVERAGES;34;1913.1127564411674
Guayaquil;BREAD/BAKERY;24;31.122587135249695
Guayaquil;BREAD/BAKERY;28;55.2139701701635
Guayaquil;BREAD/BAKERY;29;357.7243107539855
Guayaquil;BREAD/BAKERY;32;6.650985830460565
Guayaquil;BREAD/BAKERY;51;35.77086089450411
Guayaquil;BREAD/BAKERY;30;12.563329959454954
Guayaquil;BREAD/BAKERY;34;599.2452761095128
Guayaquil;CELEBRATION;26;1.4962126334003583
Guayaquil;CLEANING;24;1094.9018347469644
Guayaquil;CLEANING;26;102.48538192506058
Guayaquil;CELEBRATION;34;2.1773956997198667
Guayaquil;CLEANING;34;83.43771379427304
Guayaquil;CLEANING;28;1113.3239477716481
Guayaquil;CLEANING;29;650.1168603256666
Guayaquil;DAIRY;24;437.83697409402384
Guayaquil;CLEANING;51;1053.581636376344
Guayaquil;DAIRY;26;72.92052400100951
Guayaquil;DAIRY;30;24.559681586756604
Guayaquil;DAIRY;29;502.12157059768884
Guayaquil;DAIRY;28;603.3259665467053
Guayaquil;DAIRY;32;22.12053518168796
Guayaquil;DAIRY;51;1333.1867074405163
Guayaquil;DAIRY;34;48.88499143831795
Guayaquil;DELI;28;178.1248233393345
Guayaquil;DELI;24;89.84227181717824
Guayaquil;DELI;26;13.441356643227543
Guayaquil;DELI;32;11.38901237531375
Guayaquil;DELI;30;28.305541670198732
Guayaquil;DELI;51;47.585662151066686
Guayaquil;EGGS;26;4.6421270421428495
Guayaquil;DELI;29;47.953140623719165
Guayaquil;EGGS;24;5.231177960874431
Guayaquil;EGGS;30;26.808018021113575
Guayaquil;FROZEN FOODS;24;106.58585235179841
Guayaquil;FROZEN FOODS;28;49.9816986839795
Guayaquil;FROZEN FOODS;29;54.526559556848156
Guayaquil;FROZEN FOODS;51;55.186792288752414
Guayaquil;FROZEN FOODS;34;26.78139212261957
Guayaquil;GROCERY I;26;1587.8729688903047
Guayaquil;GROCERY I;30;1362.2858259685622
Guayaquil;GROCERY I;29;3526.992480095479
Guayaquil;GROCERY I;28;4249.216179081035
Guayaquil;GROCERY I;32;364.5594119991824
Guayaquil;GROCERY I;34;712.7409632629946
Guayaquil;GROCERY II;26;4.898214049782062
Guayaquil;GROCERY I;51;5108.058294766664
Guayaquil;GROCERY I;24;4183.145006331503
Guayaquil;GROCERY II;34;3.7389109842442183
Guayaquil;GROCERY II;30;1.9462264203059596
Guayaquil;GROCERY II;32;2.0955073569064346
Guayaquil;GROCERY II;29;6.775944595694325
Guayaquil;HOME AND KITCHEN I;24;16.354207735034702
Guayaquil;HOME AND KITCHEN I;26;6.786490340552216
Guayaquil;HOME AND KITCHEN I;30;7.921448693861308
Guayaquil;HOME AND KITCHEN I;29;7.192566474149898
Guayaquil;HOME AND KITCHEN I;51;10.568530457875216
Guayaquil;HOME AND KITCHEN I;34;10.476918465772735
Guayaquil;HOME AND KITCHEN I;32;4.793938701145799
Guayaquil;HOME AND KITCHEN II;26;5.114745869674734
Guayaquil;HOME AND KITCHEN II;30;2.0710870478829375
Guayaquil;HOME AND KITCHEN II;34;18.3448356725746
Guayaquil;HOME AND KITCHEN II;28;12.45702758957079
Guayaquil;HOME AND KITCHEN II;51;20.814229904588565
Guayaquil;HOME AND KITCHEN II;29;3.9250215516734666
Guayaquil;HOME AND KITCHEN II;32;1.8054851321352412
Guayaquil;HOME CARE;30;99.5803236711427
Guayaquil;HOME CARE;26;69.80655858786582
Guayaquil;HOME CARE;28;219.70781637996134
Guayaquil;HOME CARE;34;19.4800805635337
Guayaquil;HOME CARE;29;48.867619667508194
Guayaquil;HOME CARE;51;7.671890330035151
Guayaquil;HOME CARE;32;19.93567357417666
Guayaquil;LADIESWEAR;51;3.786971148217768
Guayaquil;LAWN AND GARDEN;24;21.418050041377892
Guayaquil;LAWN AND GARDEN;29;2.028774670638559
Guayaquil;LAWN AND GARDEN;28;2.6974817092074597
Guayaquil;LINGERIE;24;3.9976364162739486
Guayaquil;LAWN AND GARDEN;51;24.93825396937674
Guayaquil;LINGERIE;32;1.5631837294340116
Guayaquil;LINGERIE;51;8.234575573734679
Guayaquil;LINGERIE;29;2.6568329461696614
Guayaquil;LIQUOR,WINE,BEER;29;116.17358444269342
Guayaquil;LIQUOR,WINE,BEER;24;23.804961128590048
Guayaquil;LIQUOR,WINE,BEER;30;71.43505721906168
Guayaquil;LIQUOR,WINE,BEER;51;95.34945554986798
Guayaquil;LIQUOR,WINE,BEER;34;7.127870771960669
Guayaquil;MEATS;28;-18.45710914383111
Guayaquil;MEATS;24;16.03109741742478
Guayaquil;MAGAZINES;29;2.600559830249102
Guayaquil;MEATS;26;68.06354889627433
Guayaquil;MEATS;32;10.184965451610582
Guayaquil;MEATS;34;33.21939485911489
Guayaquil;MEATS;29;26.1423885877124
Guayaquil;PERSONAL CARE;29;65.7438352443076
Guayaquil;PET SUPPLIES;24;1.3260377375170385
Guayaquil;PET SUPPLIES;26;1.7341212840352815
Guayaquil;PET SUPPLIES;29;2.9544552880307675
Guayaquil;PET SUPPLIES;30;1.3092405359263735
Guayaquil;PET SUPPLIES;32;1.9808361465320217
Guayaquil;PET SUPPLIES;34;1.8246161005737642
Guayaquil;PLAYERS AND ELECTRONICS;26;4.228474888026547
Guayaquil;PET SUPPLIES;28;2.7354277066783474
Guayaquil;PLAYERS AND ELECTRONICS;30;2.9075419071661073
Guayaquil;PLAYERS AND ELECTRONICS;28;2.6718845195399266
Guayaquil;PET SUPPLIES;51;4.3603399766151885
Guayaquil;PLAYERS AND ELECTRONICS;51;3.80013118545458
Guayaquil;POULTRY;24;423.82506737541513
Guayaquil;POULTRY;30;9.520376344959463
Guayaquil;POULTRY;26;13.029095742043841
Guayaquil;POULTRY;32;7.251746408873558
Guayaquil;POULTRY;51;519.2166941643256
Guayaquil;POULTRY;34;7.690015749198241
Guayaquil;POULTRY;29;7.035511956655064
Guayaquil;PREPARED FOODS;28;0.42882513561621094
Guayaquil;PREPARED FOODS;32;0.8837740868294385
Guayaquil;PREPARED FOODS;34;4.07944799098997
Guayaquil;PREPARED FOODS;29;6.17705832388319
Guayaquil;PREPARED FOODS;51;2.455951440210118
Guayaquil;PREPARED FOODS;24;5.970495393849696
Guayaquil;PRODUCE;26;131.3030549499839
Guayaquil;PRODUCE;29;801.049211289068
Guayaquil;PRODUCE;28;974.1546530928838
Guayaquil;PRODUCE;51;5606.660147664839
Guayaquil;PRODUCE;34;799.528499998476
Guayaquil;SCHOOL AND OFFICE SUPPLIES;24;11.190590974535302
Guayaquil;SCHOOL AND OFFICE SUPPLIES;26;5.8457081478098925
Guayaquil;SCHOOL AND OFFICE SUPPLIES;28;13.335621945333507
Guayaquil;PRODUCE;30;362.0887734233041
Guayaquil;SCHOOL AND OFFICE SUPPLIES;30;13.34231124998934
Guayaquil;SCHOOL AND OFFICE SUPPLIES;29;3.4261276456678815
Guayaquil;SCHOOL AND OFFICE SUPPLIES;32;5.930513986898713
Guayaquil;SCHOOL AND OFFICE SUPPLIES;34;4.124168717498961
Guayaquil;PRODUCE;32;83.6356691292869
Guayaquil;SCHOOL AND OFFICE SUPPLIES;51;58.358012601254885
Guayaquil;SEAFOOD;26;1.4081764451903758
Guayaquil;SEAFOOD;24;4.162566506644366
Guayaquil;SEAFOOD;32;1.2377066485430055
Guayaquil;SEAFOOD;30;2.2581827796114156
Guayaquil;SEAFOOD;28;2.640951116567775
Guayaquil;SEAFOOD;34;2.6494685424064217
Guayaquil;SEAFOOD;29;2.904051379574556
Guayaquil;SEAFOOD;51;17.941188160125318
Ibarra;BEAUTY;15;2.1016176908740474
Ibarra;AUTOMOTIVE;15;1.574632409546555
Ibarra;BREAD/BAKERY;15;8.242653356444793
Ibarra;DELI;15;121.56158332777758
Ibarra;BEVERAGES;15;184.31652751826834
Ibarra;FROZEN FOODS;15;11.49502355010296
Ibarra;GROCERY I;15;2909.182233595544
Ibarra;HOME AND KITCHEN II;15;2.8161463912990032
Ibarra;HOME CARE;15;213.8716237108097
Ibarra;DAIRY;15;200.34949426960648
Ibarra;LIQUOR,WINE,BEER;15;21.199922423187
Ibarra;LADIESWEAR;15;1.105922729585228
Ibarra;MEATS;15;15.632827467055924
Ibarra;PLAYERS AND ELECTRONICS;15;3.1401970468148215
Ibarra;POULTRY;15;18.077931984105962
Ibarra;PREPARED FOODS;15;23.34915370851696
Ibarra;SCHOOL AND OFFICE SUPPLIES;15;6.946134381228487
Ibarra;SEAFOOD;15;1.3029080208254915
Latacunga;BEAUTY;12;1.5670329773197293
Latacunga;AUTOMOTIVE;13;3.24553604782104
Latacunga;BEVERAGES;12;1089.855375403356
Ibarra;PRODUCE;15;72.17556076112434
Latacunga;BEAUTY;13;1.6654453109785279
Latacunga;AUTOMOTIVE;12;2.9378940843103543
Latacunga;BEVERAGES;13;253.8911013304826
Latacunga;CELEBRATION;13;3.480645883051983
Latacunga;BREAD/BAKERY;12;93.31683872170846
Latacunga;BREAD/BAKERY;13;4.77347349254403
Latacunga;CLEANING;12;459.13184855322095
Latacunga;DAIRY;12;29.33439229778566
Latacunga;DAIRY;13;16.722836099228772
Latacunga;CLEANING;13;237.8261102714297
Latacunga;DELI;13;-0.8048590533196848
Latacunga;FROZEN FOODS;12;32.13514807803957
Latacunga;DELI;12;228.47297501875804
Latacunga;GROCERY I;12;767.8983675448086
Latacunga;GROCERY I;13;2910.338629993577
Latacunga;EGGS;12;27.690883476060584
Latacunga;HOME AND KITCHEN I;13;4.247903208666791
Latacunga;HARDWARE;12;10.99311363112513
Latacunga;HOME AND KITCHEN II;12;3.8738191167224225
Latacunga;HOME AND KITCHEN II;13;3.6893107533102762
Latacunga;HOME AND KITCHEN I;12;7.020972750377778
Latacunga;HOME CARE;12;27.934396905477218
Latacunga;HOME CARE;13;146.01669323669856
Latacunga;LIQUOR,WINE,BEER;13;12.689669454913645
Latacunga;LIQUOR,WINE,BEER;12;19.502966832546278
Latacunga;MEATS;13;-4.860549464004949
Latacunga;PERSONAL CARE;12;14.00483818143092
Latacunga;PLAYERS AND ELECTRONICS;12;5.2997725559657765
Latacunga;POULTRY;13;108.09176047616697
Latacunga;PET SUPPLIES;12;1.2244386478164266
Latacunga;PET SUPPLIES;13;1.6869205430340368
Latacunga;PREPARED FOODS;13;4.596991713221913
Latacunga;PRODUCE;13;35.1277238847214
Latacunga;PRODUCE;12;80.46544135144028
Latacunga;SEAFOOD;12;0.9332804692747309
Latacunga;SCHOOL AND OFFICE SUPPLIES;12;3.002015744754282
Latacunga;SCHOOL AND OFFICE SUPPLIES;13;6.730403439089167
Libertad;AUTOMOTIVE;36;1.6876660935694656
Libertad;BEAUTY;36;1.6534431149386928
Latacunga;SEAFOOD;13;2.3346719483466565
Libertad;BEVERAGES;36;155.95848026771975
Libertad;DAIRY;36;42.91870983367214
Libertad;FROZEN FOODS;36;122.168220786082
Libertad;GROCERY I;36;3859.880340342673
Libertad;DELI;36;-11.184017937356783
Libertad;HOME AND KITCHEN I;36;6.086854739295963
Libertad;LAWN AND GARDEN;36;4.990054180171799
Libertad;HOME AND KITCHEN II;36;2.2796285353255685
Libertad;MEATS;36;272.0238413161674
Libertad;PET SUPPLIES;36;1.4479281937705133
Libertad;LIQUOR,WINE,BEER;36;108.92295548086565
Libertad;POULTRY;36;8.135389424480811
Libertad;PERSONAL CARE;36;43.45637253822623
Libertad;SCHOOL AND OFFICE SUPPLIES;36;24.158102786324644
Libertad;SEAFOOD;36;1.6029817648344713
Loja;BEVERAGES;38;2268.776838218461
Libertad;PRODUCE;36;1570.8421851764642
Loja;BREAD/BAKERY;38;343.3852916033012
Libertad;HOME CARE;36;30.92745200757728
Loja;BEAUTY;38;2.0466030932400607
Loja;CLEANING;38;172.92779364982096
Loja;EGGS;38;6.935030603848815
Loja;GROCERY II;38;13.047491518043556
Loja;HOME AND KITCHEN II;38;9.204912037089224
Loja;GROCERY I;38;3839.193365228416
Loja;HOME CARE;38;210.42089798385064
Loja;LIQUOR,WINE,BEER;38;85.71615768631688
Loja;LINGERIE;38;3.4094771456161297
Loja;PERSONAL CARE;38;387.64482617777287
Loja;MEATS;38;14.851503986807645
Loja;PREPARED FOODS;38;5.301966440548921
Loja;PRODUCE;38;248.82775691970608
Loja;PLAYERS AND ELECTRONICS;38;7.835241910231759
Loja;SCHOOL AND OFFICE SUPPLIES;38;3.5554402420002806
Loja;SEAFOOD;38;2.600602973031404
Machala;AUTOMOTIVE;40;1.8084366607282385
Machala;BEAUTY;40;1.611880309813771
Machala;BEAUTY;41;1.1861674972788636
Loja;PET SUPPLIES;38;1.3976613482929352
Machala;BEVERAGES;41;156.2244915938026
Machala;BEVERAGES;40;262.31537189197246
Machala;CELEBRATION;40;2.8530708629366717
Machala;BREAD/BAKERY;40;86.33738064249981
Machala;BREAD/BAKERY;41;16.375750887136185
Machala;CLEANING;40;84.86350203224691
Machala;CLEANING;41;942.220463600473
Machala;DELI;40;15.039248055318032
Machala;DAIRY;41;680.2590666200083
Machala;DAIRY;40;24.675817074056283
Machala;FROZEN FOODS;40;23.92402052271665
Machala;DELI;41;186.53758391454085
Machala;GROCERY I;40;863.6161838471915
Machala;EGGS;41;10.382172511139299
Machala;EGGS;40;10.796411788615883
Machala;GROCERY I;41;1328.1119142702973
Machala;HOME AND KITCHEN I;40;8.426755021526725
Machala;HOME AND KITCHEN II;40;7.812599538511079
Machala;HOME AND KITCHEN II;41;11.416584559409273
Machala;HOME AND KITCHEN I;41;5.0639855040325426
Machala;HOME CARE;41;89.4550358520884
Machala;HOME CARE;40;208.8819705898808
Machala;LINGERIE;41;2.203666598141188
Machala;LIQUOR,WINE,BEER;41;74.1333688482995
Machala;MEATS;41;13.976565943673394
Machala;PERSONAL CARE;40;-0.0456376247283834
Machala;PET SUPPLIES;41;2.7681218907299523
Machala;PLAYERS AND ELECTRONICS;41;1.4878986056272276
Machala;PREPARED FOODS;40;3.662279981489677
Machala;SCHOOL AND OFFICE SUPPLIES;40;21.56649716230775
Machala;PRODUCE;41;308.49443630413055
Machala;SCHOOL AND OFFICE SUPPLIES;41;11.636326537849664
Machala;PRODUCE;40;479.88169491649626
Machala;SEAFOOD;40;3.331828674308166
Manta;AUTOMOTIVE;52;5.5120594714135835
Manta;BEAUTY;52;1.4756148209721862
Machala;PREPARED FOODS;41;60.895546659446666
Manta;AUTOMOTIVE;53;4.289477656274523
Manta;BEVERAGES;52;4562.051080759288
Machala;SEAFOOD;41;4.074274759326476
Manta;CELEBRATION;52;2.84540327223514
Manta;BEVERAGES;53;481.2305404606112
Manta;BEAUTY;53;1.7417129534904856
Manta;CLEANING;52;1703.3663220760957
Manta;BREAD/BAKERY;53;244.75443233594393
Manta;CLEANING;53;1002.8354122934456
Manta;DAIRY;52;1191.6168821234678
Manta;DAIRY;53;356.8880617731829
Manta;DELI;52;119.92486979517209
Manta;EGGS;52;203.19262864908816
Manta;EGGS;53;98.43431017639816
Manta;FROZEN FOODS;52;297.12925179560096
Manta;GROCERY I;52;6225.8715407336795
Manta;DELI;53;116.03251040703482
Manta;GROCERY II;52;15.594672356756877
Manta;HARDWARE;53;0.7780408734250629
Manta;CELEBRATION;53;2.0449323506616612
Manta;HOME AND KITCHEN I;52;32.37578164891965
Manta;HARDWARE;52;8.429396030307137
Manta;GROCERY I;53;2935.101185861675
Manta;HOME AND KITCHEN II;52;51.15662945029683
Manta;HOME APPLIANCES;53;1.253163724167458
Manta;HOME AND KITCHEN I;53;31.843118342170953
Manta;HOME CARE;52;9.13411656680698
Manta;LADIESWEAR;52;9.487347558926102
Manta;HOME AND KITCHEN II;53;11.173519553728879
Manta;HOME CARE;53;107.19754474114642
Manta;LINGERIE;52;6.156190237073428
Manta;LADIESWEAR;53;4.2666753744678685
Manta;LIQUOR,WINE,BEER;52;148.01346461829732
Manta;MEATS;52;298.4181562327908
Manta;PERSONAL CARE;52;286.5709886157122
Manta;PET SUPPLIES;52;-1.3540485477586834
Manta;PLAYERS AND ELECTRONICS;53;1.2928778868185862
Manta;MEATS;53;286.0074729400446
Manta;PLAYERS AND ELECTRONICS;52;5.783445851659856
Manta;PREPARED FOODS;52;137.3955936516621
Manta;POULTRY;52;75.16097865134836
Manta;PREPARED FOODS;53;13.606361560486445
Manta;PRODUCE;52;4448.114015610025
Manta;PRODUCE;53;334.01411595246145
Manta;SCHOOL AND OFFICE SUPPLIES;52;22.31600527111824
Manta;SEAFOOD;52;3.6065297093004514
Manta;SCHOOL AND OFFICE SUPPLIES;53;6.001015534441121
Playas;BABY CARE;35;1.8469262410405283
Playas;BEAUTY;35;1.1187492531237837
Manta;SEAFOOD;53;2.7666229546163263
Playas;BEVERAGES;35;1417.0412944032657
Playas;AUTOMOTIVE;35;0.8354709935684511
Playas;CELEBRATION;35;1.7494168712819473
Playas;CLEANING;35;53.30947007742129
Playas;DAIRY;35;5.056049051124241
Playas;GROCERY I;35;1913.8447238435213
Playas;DELI;35;99.60773957747524
Playas;HARDWARE;35;1.197614164427486
Playas;GROCERY II;35;1.5601532006439518
Playas;HOME AND KITCHEN I;35;5.809866826228496
Playas;LINGERIE;35;1.0022321799785014
Playas;LIQUOR,WINE,BEER;35;65.19132534427816
Playas;HOME CARE;35;7.655590043134837
Playas;MEATS;35;50.89882943175974
Playas;PET SUPPLIES;35;1.2947098612040258
Playas;POULTRY;35;8.307003175862208
Playas;HOME AND KITCHEN II;35;1.9420985410278877
Playas;PREPARED FOODS;35;0.9318380577330279
Playas;SEAFOOD;35;1.3389605086672862
Playas;SCHOOL AND OFFICE SUPPLIES;35;11.854102673493504
Playas;PERSONAL CARE;35;9.711232137681778
Puyo;BEAUTY;22;1.5473631809294779
Playas;PRODUCE;35;395.873834588724
Puyo;AUTOMOTIVE;22;1.6439156587297157
Puyo;BEVERAGES;22;228.53549373832885
Puyo;CLEANING;22;153.7996969864225
Puyo;BREAD/BAKERY;22;53.017194423183554
Puyo;CELEBRATION;22;7.115332776384822
Puyo;DAIRY;22;84.67184495208235
Puyo;GROCERY I;22;2352.737438753988
Puyo;FROZEN FOODS;22;31.00278678617675
Puyo;DELI;22;113.78899565544063
Puyo;HOME AND KITCHEN I;22;25.528187056010264
Puyo;HOME AND KITCHEN II;22;3.8321601896301103
Puyo;LAWN AND GARDEN;22;5.926003216384373
Puyo;HOME CARE;22;55.109952653368026
Puyo;PERSONAL CARE;22;155.3793451341744
Puyo;LIQUOR,WINE,BEER;22;10.184024454338335
Puyo;PET SUPPLIES;22;1.1188191573524378
Puyo;PRODUCE;22;415.5666510150921
Puyo;SCHOOL AND OFFICE SUPPLIES;22;6.55464004985229
Puyo;SEAFOOD;22;1.3213489207676896
Quevedo;AUTOMOTIVE;33;2.623962143710439
Quevedo;BEVERAGES;33;1731.7509896251472
Quevedo;BEAUTY;33;1.4104277643587475
Quevedo;CELEBRATION;33;5.787720719823701
Puyo;POULTRY;22;158.82719923487667
Puyo;PREPARED FOODS;22;15.829491870961688
Quevedo;BREAD/BAKERY;33;250.42947338884056
Quevedo;EGGS;33;111.65565290472205
Quevedo;FROZEN FOODS;33;39.15086586284287
Quevedo;DAIRY;33;439.7327409357091
Quevedo;GROCERY II;33;2.066334723813224
Quevedo;DELI;33;35.96051838927643
Quevedo;GROCERY I;33;3144.2660606288223
Quevedo;HOME AND KITCHEN I;33;8.252885531848094
Quevedo;HOME AND KITCHEN II;33;3.1034657272723947
Quevedo;LINGERIE;33;3.394616586646009
Quevedo;MEATS;33;308.7932087391527
Quevedo;PET SUPPLIES;33;1.8918651684832517
Quevedo;HOME CARE;33;141.87562151099874
Quevedo;POULTRY;33;261.186848230006
Quevedo;SCHOOL AND OFFICE SUPPLIES;33;10.30669554171879
Quevedo;PRODUCE;33;1191.1531415263785
Quevedo;PREPARED FOODS;33;2.0576248740892398
Quevedo;SEAFOOD;33;0.9029410869800965
Quevedo;PLAYERS AND ELECTRONICS;33;3.391414431327211
Quito;AUTOMOTIVE;3;12.927826698295853
Quito;AUTOMOTIVE;20;2.000634776119772
Quito;AUTOMOTIVE;10;3.2609083045080802
Quito;AUTOMOTIVE;17;12.578395541225682
Quito;AUTOMOTIVE;44;4.668217585838829
Quito;AUTOMOTIVE;46;1.9014978869839692
Quito;AUTOMOTIVE;18;3.16322571463302
Quito;AUTOMOTIVE;47;4.9314712664302185
Quito;AUTOMOTIVE;48;3.528559801701732
Quito;AUTOMOTIVE;45;2.3584900900927437
Quito;BEAUTY;1;2.0605518485589367
Quito;AUTOMOTIVE;49;2.4401687698660193
Quito;BABY CARE;10;3.159012715289927
Quito;BEAUTY;2;2.328418731582467
Quito;BEAUTY;7;1.5343761366951474
Quito;BEAUTY;6;1.999982465197565
Quito;BEAUTY;4;1.695324654476321
Quito;BEAUTY;3;2.519706039948032
Quito;BEAUTY;9;2.457640735439043
Quito;BEAUTY;8;1.6839723635525459
Quito;BEAUTY;20;2.1819231879721177
Quito;BEAUTY;17;1.2121450282581294
Quito;BEAUTY;10;0.9761158761923983
Quito;BEAUTY;44;1.6606546911854196
Quito;BEAUTY;18;1.834283281194084
Quito;BEAUTY;45;2.481103051889131
Quito;BEAUTY;47;3.7940274717561264
Quito;BEAUTY;48;3.299746135690074
Quito;BEVERAGES;1;210.71383660296377
Quito;BEVERAGES;2;394.83961488803715
Quito;BEVERAGES;3;8340.248982478064
Quito;BEVERAGES;6;3721.989411536619
Quito;BEAUTY;46;3.2004154491479273
Quito;BEAUTY;49;3.7291673708456194
Quito;BEVERAGES;4;2693.7855504533286
Quito;BEVERAGES;7;3988.711207271425
Quito;BEVERAGES;8;4495.632699768519
Quito;BEVERAGES;9;332.7431799901665
Quito;BEVERAGES;17;2381.0648032254426
Quito;BEVERAGES;10;45.35436508581506
Quito;BEVERAGES;20;3171.6700618039717
Quito;BEVERAGES;46;5654.516305715433
Quito;BEVERAGES;18;411.665331505786
Quito;BEVERAGES;45;8534.820024630335
Quito;BEVERAGES;44;9552.248354933383
Quito;BEVERAGES;49;1987.8549841564802
Quito;BEVERAGES;48;4555.593166105423
Quito;BEVERAGES;47;8055.779196921348
Quito;BREAD/BAKERY;2;17.601162036109613
Quito;BREAD/BAKERY;6;32.177188579790474
Quito;BREAD/BAKERY;9;35.65458237243943
Quito;BREAD/BAKERY;10;2.713537410021652
Quito;BREAD/BAKERY;17;156.48380592830165
Quito;BREAD/BAKERY;7;14.794345077101767
Quito;BREAD/BAKERY;44;78.49635061564094
Quito;BREAD/BAKERY;8;32.83185181506223
Quito;BREAD/BAKERY;20;50.16184000808665
Quito;BREAD/BAKERY;18;317.6601439727217
Quito;BREAD/BAKERY;45;65.80382363707425
Quito;BREAD/BAKERY;47;844.3699216774061
Quito;BREAD/BAKERY;48;705.5501700254105
Quito;CELEBRATION;3;16.407738282398963
Quito;CELEBRATION;4;2.8247888958067
Quito;CELEBRATION;2;2.1087741373747373
Quito;CELEBRATION;6;1.6364394351799962
Quito;CELEBRATION;8;3.3912348049738346
Quito;CELEBRATION;18;13.361899638595288
Quito;CLEANING;3;-4.9402210477534965
Quito;CLEANING;2;148.90862231253263
Quito;CLEANING;4;96.14038643707583
Quito;CLEANING;6;1271.6649282937626
Quito;CLEANING;7;960.3849011842127
Quito;CLEANING;9;188.50407977844895
Quito;CLEANING;8;148.36448744260514
Quito;CLEANING;17;18.981334176291266
Quito;CLEANING;20;503.9856593992836
Quito;CLEANING;44;339.7358025114858
Quito;CLEANING;45;512.3991631433588
Quito;CLEANING;46;466.33164637956014
Quito;CLEANING;47;752.1164579420367
Quito;CLEANING;48;2212.073150598137
Quito;CLEANING;18;115.3960920143234
Quito;CLEANING;49;322.5341446132178
Quito;DAIRY;1;60.943184066358945
Quito;DAIRY;3;-104.48330076746245
Quito;DAIRY;2;46.11014747024804
Quito;DAIRY;4;381.1202365552803
Quito;DAIRY;6;916.0451906637655
Quito;DAIRY;7;743.5089740779149
Quito;DAIRY;8;97.55376947559526
Quito;DAIRY;9;45.17033178330748
Quito;DAIRY;44;530.6365180106177
Quito;DAIRY;10;8.644795088631996
Quito;DAIRY;20;63.373531353013625
Quito;DAIRY;18;291.10585365889455
Quito;DAIRY;47;2232.9904007502296
Quito;DAIRY;46;113.16720839698823
Quito;DAIRY;48;250.74468524090702
Quito;DAIRY;45;269.5788729876597
Quito;DELI;1;-5.772120474859191
Quito;DAIRY;49;2039.435048350302
Quito;DELI;3;32.59204608057594
Quito;DELI;4;12.541033199920651
Quito;DELI;9;177.69115487866472
Quito;DELI;7;11.499846792402657
Quito;DELI;8;4.586288633821732
Quito;DELI;10;66.24367287177499
Quito;DELI;17;13.776711307329798
Quito;DELI;20;566.3754198344482
Quito;DELI;45;204.61017121758832
Quito;DELI;46;791.974545271112
Quito;DELI;18;77.09240349550845
Quito;DELI;47;38.018815430676824
Quito;EGGS;1;7.251685487287592
Quito;EGGS;2;-1.03276969359138
Quito;EGGS;4;28.152280217647018
Quito;EGGS;6;-4.586273213291195
Quito;EGGS;9;43.541952358021625
Quito;EGGS;7;14.023681308822846
Quito;EGGS;8;2.3520757802599883
Quito;EGGS;46;143.29686849092917
Quito;EGGS;18;29.00914260747917
Quito;EGGS;48;8.089189976955307
Quito;FROZEN FOODS;3;119.37458313351982
Quito;FROZEN FOODS;2;30.690146999843698
Quito;EGGS;47;15.133342359665544
Quito;FROZEN FOODS;6;54.20056756791457
Quito;FROZEN FOODS;7;10.789199036697799
Quito;FROZEN FOODS;4;55.72291586707516
Quito;FROZEN FOODS;8;27.59630687699634
Quito;FROZEN FOODS;9;50.80184226043961
Quito;FROZEN FOODS;20;52.667307218555074
Quito;FROZEN FOODS;18;25.13362265390018
Quito;FROZEN FOODS;17;58.44183443622622
Quito;FROZEN FOODS;10;21.438417237252036
Quito;FROZEN FOODS;45;279.5644142447165
Quito;FROZEN FOODS;44;156.771052346974
Quito;FROZEN FOODS;47;82.28232985659785
Quito;FROZEN FOODS;46;85.40063987014312
Quito;FROZEN FOODS;48;111.25723995004286
Quito;GROCERY I;3;8443.44416693522
Quito;GROCERY I;4;3623.8284034355843
Quito;GROCERY I;1;2430.9809217731754
Quito;GROCERY I;6;5018.7670519686335
Quito;GROCERY I;8;5122.428727709085
Quito;GROCERY I;7;4085.5586197194148
Quito;GROCERY I;2;4423.995572439495
Quito;GROCERY I;10;273.7665291189753
Quito;GROCERY I;17;436.144157125761
Quito;GROCERY I;18;2147.2038133830847
Quito;GROCERY I;45;10800.397501954105
Quito;GROCERY I;44;10371.945420529071
Quito;GROCERY I;9;6708.4419888019165
Quito;GROCERY I;20;5296.532399582138
Quito;GROCERY I;46;9378.659362408667
Quito;GROCERY I;49;7899.298335352814
Quito;GROCERY I;47;10207.247655953532
Quito;GROCERY I;48;8334.066159916223
Quito;GROCERY II;2;10.633305079969919
Quito;GROCERY II;7;29.91958408755199
Quito;GROCERY II;8;7.4695625391105445
Quito;GROCERY II;17;8.74942522849195
Quito;GROCERY II;9;10.045263060674701
Quito;GROCERY II;45;30.58807573783433
Quito;GROCERY II;18;13.683993004394763
Quito;GROCERY II;48;-7.129331927868251
Quito;HARDWARE;10;1.8870615929051615
Quito;HOME AND KITCHEN I;2;6.3331443070301345
Quito;HOME AND KITCHEN I;3;13.968865771915139
Quito;HOME AND KITCHEN I;6;10.854291782088778
Quito;HOME AND KITCHEN I;4;15.466093974637849
Quito;HOME AND KITCHEN I;8;22.79332602642364
Quito;HOME AND KITCHEN I;7;11.296847551934356
Quito;HOME AND KITCHEN I;20;9.95746369908758
Quito;HOME AND KITCHEN I;10;3.810945954085397
Quito;HOME AND KITCHEN I;18;16.73017292148921
Quito;HOME AND KITCHEN I;45;23.335087270676237
Quito;HOME AND KITCHEN I;17;6.2665307844368305
Quito;HOME AND KITCHEN I;49;36.77798418313933
Quito;HOME AND KITCHEN I;48;10.386971935442324
Quito;HOME AND KITCHEN I;47;58.074146830679545
Quito;HOME AND KITCHEN II;3;58.922365381527
Quito;HOME AND KITCHEN II;1;9.171856138504491
Quito;HOME AND KITCHEN II;4;6.848876362107761
Quito;HOME AND KITCHEN II;7;7.2662395931499635
Quito;HOME AND KITCHEN II;2;18.5822527620602
Quito;HOME AND KITCHEN II;8;7.741282832507301
Quito;HOME AND KITCHEN II;9;7.480022731879704
Quito;HOME AND KITCHEN II;6;54.74121950120508
Quito;HOME AND KITCHEN II;10;4.099239927788496
Quito;HOME AND KITCHEN II;44;52.11976807558399
Quito;HOME AND KITCHEN II;45;85.42812540175235
Quito;HOME AND KITCHEN II;20;2.4103216834211842
Quito;HOME AND KITCHEN II;18;6.566242001450776
Quito;HOME AND KITCHEN II;49;23.880447336646416
Quito;HOME AND KITCHEN II;48;31.98986539429158
Quito;HOME AND KITCHEN II;47;43.59746513146919
Quito;HOME AND KITCHEN II;46;51.248209952981604
Quito;HOME APPLIANCES;44;2.2064522811239504
Quito;HOME CARE;1;49.800800044963395
Quito;HOME CARE;6;40.655899526823426
Quito;HOME CARE;3;35.29548538779898
Quito;HOME CARE;4;227.90571985981745
Quito;HOME CARE;7;52.4865114932679
Quito;HOME CARE;9;349.9731078151832
Quito;HOME CARE;8;51.55560503421627
Quito;HOME CARE;2;93.33851433625661
Quito;HOME CARE;18;38.14655181673902
Quito;HOME CARE;17;310.99260141766604
Quito;HOME CARE;10;41.706846690566195
Quito;HOME CARE;44;530.1875045679316
Quito;HOME CARE;45;8.42396757941877
Quito;HOME CARE;46;41.43509013736561
Quito;HOME CARE;47;615.7299300596173
Quito;HOME CARE;20;46.30809118315868
Quito;HOME CARE;48;75.43208450328414
Quito;HOME CARE;49;454.1119330022226
Quito;LAWN AND GARDEN;1;14.34496441890935
Quito;LAWN AND GARDEN;4;11.08085519469501
Quito;LAWN AND GARDEN;7;27.267991797387065
Quito;LAWN AND GARDEN;9;5.519124065636211
Quito;LAWN AND GARDEN;8;8.33760644350052
Quito;LAWN AND GARDEN;10;2.0361247338703796
Quito;LAWN AND GARDEN;17;4.511675468580626
Quito;LAWN AND GARDEN;20;3.3758906442688894
Quito;LAWN AND GARDEN;18;5.76832860578116
Quito;LAWN AND GARDEN;45;22.961792216539454
Quito;LAWN AND GARDEN;46;15.039163873897362
Quito;LAWN AND GARDEN;47;25.727719297536712
Quito;LINGERIE;1;4.475976788346779
Quito;LINGERIE;4;2.770917802161282
Quito;LINGERIE;3;3.2008339633132348
Quito;LINGERIE;7;2.414691170415729
Quito;LINGERIE;10;4.34724300307842
Quito;LINGERIE;18;3.2296515517415956
Quito;LINGERIE;6;3.9766183677863776
Quito;LINGERIE;17;5.932648913640965
Quito;LINGERIE;20;2.6551994210189953
Quito;LINGERIE;45;2.774046877892909
Quito;LINGERIE;44;13.207672417631533
Quito;LINGERIE;46;1.2773086639079403
Quito;LINGERIE;47;4.182301494607126
Quito;LIQUOR,WINE,BEER;1;7.0259318328832014
Quito;LINGERIE;49;2.220696219991085
Quito;LIQUOR,WINE,BEER;3;47.4642148611276
Quito;LINGERIE;48;4.122542275559424
Quito;LIQUOR,WINE,BEER;4;21.792787155274812
Quito;LIQUOR,WINE,BEER;8;166.85815096498416
Quito;LIQUOR,WINE,BEER;7;186.6401837430022
Quito;LIQUOR,WINE,BEER;2;71.86318378820222
Quito;LIQUOR,WINE,BEER;6;22.127530306566662
Quito;LIQUOR,WINE,BEER;10;5.502604410417679
Quito;LIQUOR,WINE,BEER;17;19.090267254429016
Quito;LIQUOR,WINE,BEER;9;28.904621919872802
Quito;LIQUOR,WINE,BEER;44;85.69114865013321
Quito;LIQUOR,WINE,BEER;18;22.29357608293289
Quito;LIQUOR,WINE,BEER;20;18.022676830532777
Quito;LIQUOR,WINE,BEER;48;126.82138339787325
Quito;LIQUOR,WINE,BEER;46;29.970192714931443
Quito;MAGAZINES;8;7.073661893761894
Quito;LIQUOR,WINE,BEER;47;60.586796587911465
Quito;LIQUOR,WINE,BEER;49;273.12144854841546
Quito;MEATS;1;-34.37884276186436
Quito;MEATS;2;491.78811255374046
Quito;MAGAZINES;47;33.71061468935414
Quito;MEATS;3;631.8392407978589
Quito;MEATS;4;17.373768303438016
Quito;MEATS;8;26.81904746100113
Quito;MEATS;6;24.657685581873167
Quito;MEATS;18;6.67361525857587
Quito;MEATS;10;13.027748032115113
Quito;MEATS;9;64.99177595940729
Quito;MEATS;20;20.025820030382118
Quito;MEATS;44;-80.2460051110609
Quito;MEATS;46;936.1745050117136
Quito;MEATS;45;37.939762996159835
Quito;MEATS;49;34.87469325223881
Quito;MEATS;48;53.6744561405521
Quito;MEATS;47;46.02654304510473
Quito;PERSONAL CARE;4;204.5264352018259
Quito;PERSONAL CARE;6;132.16283531820773
Quito;PERSONAL CARE;3;36.84004962607845
Quito;PERSONAL CARE;7;19.048725325405933
Quito;PERSONAL CARE;9;18.852244969189915
Quito;PERSONAL CARE;18;74.55781147905535
Quito;PERSONAL CARE;10;97.47428130741878
Quito;PERSONAL CARE;20;244.54707156112718
Quito;PERSONAL CARE;45;75.23229663188881
Quito;PERSONAL CARE;46;62.26153994048174
Quito;PERSONAL CARE;48;721.5950342133038
Quito;PERSONAL CARE;47;736.1681519064372
Quito;PERSONAL CARE;17;60.423145102536836
Quito;PET SUPPLIES;1;1.1935735829258731
Quito;PERSONAL CARE;49;184.37311160392213
Quito;PET SUPPLIES;2;2.451243714017201
Quito;PET SUPPLIES;7;2.926675016318391
Quito;PET SUPPLIES;6;2.7976514394502954
Quito;PET SUPPLIES;3;2.795172205009832
Quito;PET SUPPLIES;4;3.000025989846569
Quito;PET SUPPLIES;8;5.426873358994199
Quito;PET SUPPLIES;9;2.631491353673208
Quito;PET SUPPLIES;44;34.3241179814701
Quito;PET SUPPLIES;20;1.3344417755294442
Quito;PET SUPPLIES;18;4.278913572355927
Quito;PET SUPPLIES;45;3.114144265094644
Quito;PET SUPPLIES;47;6.436312874571714
Quito;PET SUPPLIES;48;7.196772353546548
Quito;PET SUPPLIES;49;3.849881904873153
Quito;PET SUPPLIES;46;6.954856975622615
Quito;PLAYERS AND ELECTRONICS;1;11.444749495507534
Quito;PLAYERS AND ELECTRONICS;3;8.391391681823333
Quito;PLAYERS AND ELECTRONICS;8;24.184744983006887
Quito;PLAYERS AND ELECTRONICS;46;44.172521668307915
Quito;PLAYERS AND ELECTRONICS;49;5.541375661155281
Quito;POULTRY;3;81.48494658438752
Quito;POULTRY;4;518.369527408957
Quito;POULTRY;2;19.538764929528156
Quito;PLAYERS AND ELECTRONICS;48;3.3798380607728173
Quito;POULTRY;7;162.6655343135737
Quito;POULTRY;8;25.86648465997186
Quito;POULTRY;20;284.17882778460176
Quito;POULTRY;18;42.41753493393055
Quito;POULTRY;17;-3.6079401463781364
Quito;POULTRY;44;57.19118553897476
Quito;PREPARED FOODS;1;15.371278459021198
Quito;POULTRY;45;107.90312187646141
Quito;POULTRY;48;252.2514232341054
Quito;PREPARED FOODS;4;10.159521540197755
Quito;PREPARED FOODS;6;11.575891799373613
Quito;PREPARED FOODS;3;80.97346514563213
Quito;PREPARED FOODS;2;3.3876462493347583
Quito;PREPARED FOODS;7;14.987994609970444
Quito;PREPARED FOODS;8;24.91940948440049
Quito;PREPARED FOODS;9;6.2033065642914265
Quito;PREPARED FOODS;10;2.7898124123996335
Quito;PREPARED FOODS;17;11.23075457448535
Quito;PREPARED FOODS;44;137.35661756515782
Quito;PREPARED FOODS;45;324.04165764728964
Quito;PREPARED FOODS;46;174.6271201942614
Quito;PREPARED FOODS;20;14.221387770783583
Quito;PREPARED FOODS;18;11.131654708251608
Quito;PREPARED FOODS;49;17.92853890673489
Quito;PREPARED FOODS;47;77.68168551093186
Quito;PRODUCE;3;8442.79773625349
Quito;PRODUCE;2;2496.5069650038813
Quito;PREPARED FOODS;48;121.51586515076855
Quito;PRODUCE;1;604.5011622448399
Quito;PRODUCE;8;2023.7084254731124
Quito;PRODUCE;4;772.2625962349332
Quito;PRODUCE;7;260.0114283228389
Quito;PRODUCE;9;580.4454794788902
Quito;PRODUCE;17;531.8684269216169
Quito;PRODUCE;6;216.431456199089
Quito;PRODUCE;10;14.365555478468808
Quito;PRODUCE;44;1211.663910119043
Quito;PRODUCE;20;113.27035611353536
Quito;PRODUCE;46;571.123884447666
Quito;PRODUCE;18;990.3938862316425
Quito;PRODUCE;49;8258.172074733508
Quito;PRODUCE;47;1398.6781477693644
Quito;SCHOOL AND OFFICE SUPPLIES;1;2.310260067798023
Quito;SCHOOL AND OFFICE SUPPLIES;2;3.228955708027322
Quito;SCHOOL AND OFFICE SUPPLIES;4;2.0391340901566015
Quito;PRODUCE;45;1738.7602605624375
Quito;PRODUCE;48;262.6631404799058
Quito;SCHOOL AND OFFICE SUPPLIES;7;4.691160761542689
Quito;SCHOOL AND OFFICE SUPPLIES;3;1.97724793297342
Quito;SCHOOL AND OFFICE SUPPLIES;6;8.069963791747359
Quito;SCHOOL AND OFFICE SUPPLIES;8;3.1542985354820163
Quito;SCHOOL AND OFFICE SUPPLIES;9;4.261836339105394
Quito;SCHOOL AND OFFICE SUPPLIES;17;3.728636080007324
Quito;SCHOOL AND OFFICE SUPPLIES;18;4.942292060317156
Quito;SCHOOL AND OFFICE SUPPLIES;10;2.4635166198099436
Quito;SCHOOL AND OFFICE SUPPLIES;20;24.812661475484546
Quito;SCHOOL AND OFFICE SUPPLIES;46;16.926945274584753
Quito;SCHOOL AND OFFICE SUPPLIES;49;10.489756179890843
Quito;SEAFOOD;2;2.3174232542087227
Quito;SEAFOOD;3;77.0102851150186
Quito;SEAFOOD;7;29.438295790591347
Quito;SEAFOOD;4;10.178924525261719
Quito;SEAFOOD;6;2.115008391541127
Quito;SEAFOOD;8;5.738557077302341
Quito;SEAFOOD;9;1.6773945003064108
Quito;SEAFOOD;10;1.8067864323312486
Quito;SEAFOOD;20;2.250593965078399
Quito;SEAFOOD;18;2.836740122177241
Quito;SEAFOOD;44;32.58540851322865
Quito;SEAFOOD;47;9.052251895582932
Quito;SEAFOOD;46;4.299866680543276
Riobamba;BEAUTY;14;1.7812327538693968
Quito;SEAFOOD;48;3.9022205848485254
Riobamba;AUTOMOTIVE;14;3.328431388801359
Quito;SEAFOOD;49;58.802785950839876
Riobamba;BEVERAGES;14;1052.315483437256
Riobamba;DAIRY;14;15.542640485385899
Riobamba;BREAD/BAKERY;14;-7.473649909194746
Riobamba;DELI;14;36.13720611683277
Riobamba;FROZEN FOODS;14;61.25003313034212
Riobamba;GROCERY I;14;170.46745939605978
Riobamba;HOME AND KITCHEN I;14;5.1821004413438905
Riobamba;HOME AND KITCHEN II;14;4.158590288667896
Riobamba;LADIESWEAR;14;6.11125552274072
Riobamba;HOME CARE;14;98.29617088892475
Riobamba;LIQUOR,WINE,BEER;14;26.28926948239907
Riobamba;PET SUPPLIES;14;1.0550806611584564
Riobamba;PREPARED FOODS;14;3.5733791126453505
Riobamba;PRODUCE;14;302.306562508773
Riobamba;SCHOOL AND OFFICE SUPPLIES;14;3.1887601711011704
Salinas;BEAUTY;25;1.623191244116488
Salinas;BEVERAGES;25;2170.4559754493243
Salinas;BREAD/BAKERY;25;49.05877793244211
Riobamba;SEAFOOD;14;2.4481226072382674
Salinas;CLEANING;25;491.86392213800184
Salinas;DAIRY;25;537.6289489685048
Salinas;DELI;25;133.61800528753795
Salinas;GROCERY I;25;807.0440173655808
Salinas;EGGS;25;26.095719390248295
Salinas;GROCERY II;25;4.89431888857976
Salinas;HOME AND KITCHEN II;25;9.29602873990176
Salinas;LINGERIE;25;6.475743422265666
Salinas;LIQUOR,WINE,BEER;25;111.99604487070803
Salinas;CELEBRATION;25;2.1140439747753237
Salinas;PERSONAL CARE;25;103.44064969041952
Salinas;PET SUPPLIES;25;1.215031955364435
Salinas;LAWN AND GARDEN;25;8.451575662614779
Salinas;POULTRY;25;76.46795445318074
Salinas;SCHOOL AND OFFICE SUPPLIES;25;6.735767194485525
Salinas;MEATS;25;246.7128027091649
Salinas;PREPARED FOODS;25;10.014767106757954
Salinas;PRODUCE;25;1430.0866265955644
Salinas;SEAFOOD;25;2.4887284971202015
Santo Domingo;BABY CARE;5;1.1001611625006789
Santo Domingo;AUTOMOTIVE;16;1.694509898827539
Santo Domingo;BEAUTY;5;2.054340233436627
Santo Domingo;BEAUTY;16;2.0794410221670896
Santo Domingo;BEVERAGES;5;1768.8948671757707
Santo Domingo;BEVERAGES;16;1326.222606473081
Santo Domingo;BEAUTY;21;1.798056501669929
Santo Domingo;BEVERAGES;21;2619.2350717956874
Santo Domingo;BREAD/BAKERY;5;14.889812630330834
Santo Domingo;BREAD/BAKERY;21;90.83879816117661
Santo Domingo;CLEANING;5;233.4453437999689
Santo Domingo;DAIRY;5;46.20625640024399
Santo Domingo;CELEBRATION;16;2.3474306387852537
Santo Domingo;CLEANING;21;808.1999872973205
Santo Domingo;DAIRY;16;13.139072533782226
Santo Domingo;DELI;5;85.04556157040341
Santo Domingo;DAIRY;21;557.7401869449767
Santo Domingo;DELI;16;12.551308271792191
Santo Domingo;DELI;21;129.36781363389605
Santo Domingo;EGGS;5;4.376260222054617
Santo Domingo;CELEBRATION;21;0.7164378482402469
Santo Domingo;EGGS;21;246.78221416703119
Santo Domingo;FROZEN FOODS;21;44.14062039364001
Santo Domingo;GROCERY I;5;3096.2283250504606
Santo Domingo;GROCERY II;5;22.309372585279412
Santo Domingo;GROCERY I;16;2444.917822612934
Santo Domingo;GROCERY II;21;7.495640257686831
Santo Domingo;FROZEN FOODS;16;23.815839283756933
Santo Domingo;HOME AND KITCHEN I;5;8.333600951121376
Santo Domingo;HOME AND KITCHEN I;16;3.203700666183919
Santo Domingo;HOME AND KITCHEN I;21;33.20036703392486
Santo Domingo;HOME AND KITCHEN II;5;10.374354573158234
Santo Domingo;GROCERY I;21;4193.733241400858
Santo Domingo;HOME CARE;5;17.718549147645614
Santo Domingo;HOME CARE;16;186.68406070000216
Santo Domingo;LAWN AND GARDEN;16;0.5040966884627945
Santo Domingo;HOME CARE;21;55.763450051514084
Santo Domingo;LAWN AND GARDEN;21;4.3970530308213185
Santo Domingo;LIQUOR,WINE,BEER;5;60.61134421349072
Santo Domingo;LIQUOR,WINE,BEER;16;28.25438197022956
Santo Domingo;LINGERIE;21;6.020281433241532
Santo Domingo;LIQUOR,WINE,BEER;21;23.32832880149482
Santo Domingo;MAGAZINES;16;1.5530877081512138
Santo Domingo;MEATS;16;22.760663642517578
Santo Domingo;MEATS;5;-27.818217810620343
Santo Domingo;PERSONAL CARE;5;60.49565736222913
Santo Domingo;PET SUPPLIES;5;1.1741100283638704
Santo Domingo;MEATS;21;4.240389916622699
Santo Domingo;PET SUPPLIES;16;1.1639306048543663
Santo Domingo;PERSONAL CARE;21;292.6441797002955
Santo Domingo;PERSONAL CARE;16;158.01251533143756
Santo Domingo;PET SUPPLIES;21;0.8832694022663603
Santo Domingo;POULTRY;5;180.80624428479516
Santo Domingo;POULTRY;16;2.7979589621406267
Santo Domingo;PREPARED FOODS;5;75.3075541029984
Santo Domingo;POULTRY;21;150.29774393926903
Santo Domingo;PREPARED FOODS;16;2.0400581736548293
Santo Domingo;PRODUCE;5;1535.7639279565517
Santo Domingo;PRODUCE;21;1292.2345843863711
Santo Domingo;SCHOOL AND OFFICE SUPPLIES;5;11.579274307859958
Santo Domingo;PREPARED FOODS;21;-0.14420231813753032
Santo Domingo;SCHOOL AND OFFICE SUPPLIES;16;13.554015072850426
Santo Domingo;SEAFOOD;5;2.245028400554191
Santo Domingo;PLAYERS AND ELECTRONICS;21;5.171502713042091
Santo Domingo;SCHOOL AND OFFICE SUPPLIES;21;9.668931433655125
Santo Domingo;PRODUCE;16;570.0980204166814
Santo Domingo;SEAFOOD;16;0.8041815078704448
Santo Domingo;SEAFOOD;21;2.1829303841303345